# DATA ORIGIN: Campus graph geometry (data/campus_edges.json). Crowd densities predicted via trained Gradient Boosting ML model. Controlled parameter sweep across [0.10, 0.90] with sum(weights) = 1.00.
dimension,dimension_name,weight_value,mean_distance_m,mean_travel_time_min,mean_crowd_score,mean_safety_score,mean_accessibility_score,mean_total_cost
wD,Distance Weight (wD),0.1,445.0,5.563,0.611,0.832,0.864,1.5318
wD,Distance Weight (wD),0.2,445.0,5.563,0.611,0.832,0.864,1.5863
wD,Distance Weight (wD),0.3,445.0,5.563,0.611,0.832,0.864,1.6409
wD,Distance Weight (wD),0.4,445.0,5.563,0.611,0.832,0.864,1.6954
wD,Distance Weight (wD),0.5,445.0,5.563,0.611,0.832,0.864,1.75
wD,Distance Weight (wD),0.6,445.0,5.563,0.611,0.832,0.864,1.8045
wD,Distance Weight (wD),0.7,445.0,5.563,0.611,0.832,0.864,1.8591
wD,Distance Weight (wD),0.8,438.57,5.479,0.614,0.828,0.857,1.9043
wD,Distance Weight (wD),0.9,438.57,5.479,0.614,0.828,0.857,1.9489
wT,Time Weight (wT),0.1,445.0,5.563,0.611,0.832,0.864,1.5318
wT,Time Weight (wT),0.2,445.0,5.563,0.611,0.832,0.864,1.5863
wT,Time Weight (wT),0.3,445.0,5.563,0.611,0.832,0.864,1.6409
wT,Time Weight (wT),0.4,445.0,5.563,0.611,0.832,0.864,1.6955
wT,Time Weight (wT),0.5,445.0,5.563,0.611,0.832,0.864,1.75
wT,Time Weight (wT),0.6,445.0,5.563,0.611,0.832,0.864,1.8046
wT,Time Weight (wT),0.7,438.57,5.479,0.614,0.828,0.857,1.8588
wT,Time Weight (wT),0.8,438.57,5.479,0.614,0.828,0.857,1.9033
wT,Time Weight (wT),0.9,438.57,5.479,0.614,0.828,0.857,1.9478
wC,Crowd Weight (wC),0.1,445.0,5.563,0.611,0.832,0.864,1.4705
wC,Crowd Weight (wC),0.2,445.0,5.563,0.611,0.832,0.864,1.5863
wC,Crowd Weight (wC),0.3,461.43,5.77,0.612,0.829,0.863,1.699
wC,Crowd Weight (wC),0.4,461.43,5.77,0.612,0.829,0.863,1.8023
wC,Crowd Weight (wC),0.5,461.43,5.77,0.612,0.829,0.863,1.9057
wC,Crowd Weight (wC),0.6,461.43,5.77,0.612,0.829,0.863,2.009
wC,Crowd Weight (wC),0.7,483.57,6.04,0.605,0.825,0.854,2.11
wC,Crowd Weight (wC),0.8,483.57,6.04,0.605,0.825,0.854,2.2036
wC,Crowd Weight (wC),0.9,483.57,6.04,0.605,0.825,0.854,2.2973
wS,Safety Weight (wS),0.1,445.0,5.563,0.611,0.832,0.864,1.6977
wS,Safety Weight (wS),0.2,445.0,5.563,0.611,0.832,0.864,1.5863
wS,Safety Weight (wS),0.3,445.0,5.563,0.611,0.832,0.864,1.475
wS,Safety Weight (wS),0.4,459.29,5.753,0.611,0.844,0.881,1.3604
wS,Safety Weight (wS),0.5,459.29,5.753,0.611,0.844,0.881,1.2408
wS,Safety Weight (wS),0.6,473.57,5.939,0.61,0.856,0.9,1.118
wS,Safety Weight (wS),0.7,490.0,6.146,0.611,0.854,0.899,0.9868
wS,Safety Weight (wS),0.8,490.0,6.146,0.611,0.854,0.899,0.8545
wS,Safety Weight (wS),0.9,490.0,6.146,0.611,0.854,0.899,0.7223
wA,Accessibility Weight (wA),0.1,445.0,5.563,0.611,0.832,0.864,1.7
wA,Accessibility Weight (wA),0.2,445.0,5.563,0.611,0.832,0.864,1.5863
wA,Accessibility Weight (wA),0.3,459.29,5.753,0.611,0.844,0.881,1.4724
wA,Accessibility Weight (wA),0.4,459.29,5.753,0.611,0.844,0.881,1.3451
wA,Accessibility Weight (wA),0.5,459.29,5.753,0.611,0.844,0.881,1.2178
wA,Accessibility Weight (wA),0.6,487.86,6.114,0.602,0.842,0.883,1.081
wA,Accessibility Weight (wA),0.7,504.29,6.321,0.602,0.839,0.881,0.9335
wA,Accessibility Weight (wA),0.8,547.14,6.869,0.597,0.85,0.9,0.7657
wA,Accessibility Weight (wA),0.9,558.57,7.014,0.596,0.855,0.906,0.5933
